<?xml version="1.0" ?><p:FatturaElettronica xmlns:p="http://ivaservizi.agenziaentrate.gov.it/docs/xsd/fatture/v1.2" xmlns:ds="http://www.w3.org/2000/09/xmldsig#" xmlns:xsi="http://www.w3.org/2001/XMLSchema" versione="FPR12"><FatturaElettronicaHeader><DatiTrasmissione><IdTrasmittente><IdPaese>IT</IdPaese><IdCodice>01879020517</IdCodice></IdTrasmittente><ProgressivoInvio>6172</ProgressivoInvio><FormatoTrasmissione>FPR12</FormatoTrasmissione><CodiceDestinatario>0000000</CodiceDestinatario></DatiTrasmissione><CedentePrestatore><DatiAnagrafici><IdFiscaleIVA><IdPaese>IT</IdPaese><IdCodice>02544580406</IdCodice></IdFiscaleIVA><Anagrafica><Denominazione>DigiPAT - R&amp;D</Denominazione></Anagrafica><RegimeFiscale>RF01</RegimeFiscale></DatiAnagrafici><Sede><Indirizzo>Via Consolare RN-RSM Nr 13/15</Indirizzo><CAP>47923</CAP><Comune>Rimini</Comune><Provincia>RN</Provincia><Nazione>IT</Nazione></Sede><IscrizioneREA><NumeroREA>002754</NumeroREA><StatoLiquidazione>LN</StatoLiquidazione></IscrizioneREA></CedentePrestatore><CessionarioCommittente><DatiAnagrafici><IdFiscaleIVA><IdPaese>IT</IdPaese><IdCodice>02074983782</IdCodice></IdFiscaleIVA><Anagrafica><Denominazione>Nuova Elettronica SRL</Denominazione></Anagrafica></DatiAnagrafici><Sede><Indirizzo>Viale Dei Mille, 2021</Indirizzo><CAP>20100</CAP><Comune>Milano</Comune><Nazione>IT</Nazione></Sede></CessionarioCommittente></FatturaElettronicaHeader><FatturaElettronicaBody><DatiGenerali><DatiGeneraliDocumento><TipoDocumento>TD01</TipoDocumento><Divisa>EUR</Divisa><Data>2022-04-22</Data><Numero>100003</Numero><ImportoTotaleDocumento>105.00</ImportoTotaleDocumento></DatiGeneraliDocumento></DatiGenerali><DatiBeniServizi><DettaglioLinee><NumeroLinea>1</NumeroLinea><Descrizione>Scheda Elettronica Custom1  Scheda Elettronica Custom1  </Descrizione><Quantita>1.00</Quantita><PrezzoUnitario>105.00</PrezzoUnitario><PrezzoTotale>105.00</PrezzoTotale><AliquotaIVA>0.00</AliquotaIVA></DettaglioLinee><DatiRiepilogo><AliquotaIVA>0.00</AliquotaIVA><ImponibileImporto>105.00</ImponibileImporto><Imposta>0.00</Imposta></DatiRiepilogo></DatiBeniServizi><DatiPagamento><CondizioniPagamento>TP01</CondizioniPagamento><DettaglioPagamento><ModalitaPagamento>MP12</ModalitaPagamento><DataScadenzaPagamento>2022-05-31</DataScadenzaPagamento><ImportoPagamento>52.50</ImportoPagamento></DettaglioPagamento><DettaglioPagamento><ModalitaPagamento>MP12</ModalitaPagamento><DataScadenzaPagamento>2022-06-30</DataScadenzaPagamento><ImportoPagamento>52.50</ImportoPagamento></DettaglioPagamento></DatiPagamento></FatturaElettronicaBody></p:FatturaElettronica>